horizon_minutes,model,mae,rmse,mape,accuracy_from_mape,r2,sample_count
15,linear_regression,1.4097181021963503,2.1289897969798526,5.14419554377335,94.85580445622665,0.9073261136612318,22100
30,linear_regression,1.5477216371511708,2.3528748425006714,5.637245877059104,94.3627541229409,0.886803061446657,22100
45,linear_regression,1.6529816545919318,2.5349741045421155,5.997141390141306,94.00285860985869,0.8686478793698073,22100
60,historical_average,1.6305333434646203,2.681670675556715,5.9252692696836275,94.07473073031638,0.8530233270725992,22100
